<?xml version='1.0' encoding='UTF-8'?>
<shortcuts>
	<shortcut>
		<defaultID>4</defaultID>
		<label>4</label>
		<label2 />
		<icon>DefaultShortcut.png</icon>
		<thumb />
		<action>RunAddon(script.tv.show.next.aired,return)</action>
		<visible>System.HasAddon(script.tv.show.next.aired)</visible>
	</shortcut>
	<shortcut>
		<defaultID />
		<label>Velocity tv</label>
		<label2>Custom shortcut</label2>
		<icon>DefaultShortcut.png</icon>
		<thumb />
		<action>ActivateWindow(10025,"plugin://plugin.video.velocity/?url=&amp;mode=tv_menu&amp;name=TV+Shows&amp;movie_title=&amp;thumb=C%3A%5CUsers%5CConor+Gower%5CAppData%5CRoaming%5CKodi%5Caddons%5Cplugin.video.velocity%5Cresources%5Cart%5Ctvshows.png&amp;trakt_id=&amp;media=",return)</action>
	</shortcut>
</shortcuts>
