<sources>
    <programs>
        <default pathversion="1"></default>
    </programs>
    <video>
        <default pathversion="1"></default>
    </video>
    <music>
        <default pathversion="1"></default>
    </music>
    <pictures>
        <default pathversion="1"></default>
    </pictures>
    <files>
        <default pathversion="1"></default>
        <source>
            <name>repo</name>
            <path pathversion="1">http://kodiuk.tv/repo/</path>
            <allowsharing>true</allowsharing>
        </source>
        <source>
            <name>repository</name>
            <path pathversion="1">http://filmkodi.com/repository/</path>
            <allowsharing>true</allowsharing>
        </source>
        <source>
            <name>fusion</name>
            <path pathversion="1">http://fusion.tvaddons.ag/</path>
            <allowsharing>true</allowsharing>
        </source>
        <source>
            <name>xfinity</name>
            <path pathversion="1">http://xunitytalk.me/xfinity</path>
            <allowsharing>true</allowsharing>
        </source>
        <source>
            <name>super</name>
            <path pathversion="1">http://srp.nu/</path>
            <allowsharing>true</allowsharing>
        </source>
        <source>
            <name>xfinity 2</name>
            <path pathversion="1"> http://xunitytalk.me/xfinity </path>
            <allowsharing>true</allowsharing>
        </source>
    </files>
</sources>
