<?xml version='1.0' encoding='UTF-8'?>
<shortcuts>
	<shortcut>
		<defaultID>24001</defaultID>
		<label>My Royal Movies</label>
		<label2>Custom shortcut</label2>
		<icon>DefaultShortcut.png</icon>
		<thumb />
		<action>ActivateWindow(10025,"plugin://plugin.video.theroyalwe",return)</action>
	</shortcut>
	<shortcut>
		<defaultID />
		<label>Velocity Movies</label>
		<label2>Custom shortcut</label2>
		<icon>DefaultShortcut.png</icon>
		<thumb />
		<action>ActivateWindow(10025,"plugin://plugin.video.velocity/?url=&amp;mode=movie_menu&amp;name=Movies&amp;movie_title=&amp;thumb=C%3A%5CUsers%5CConor+Gower%5CAppData%5CRoaming%5CKodi%5Caddons%5Cplugin.video.velocity%5Cresources%5Cart%5Cmovies.png&amp;trakt_id=&amp;media=",return)</action>
	</shortcut>
	<shortcut>
		<defaultID />
		<label>Xmovies8</label>
		<label2>Custom shortcut</label2>
		<icon>DefaultShortcut.png</icon>
		<thumb />
		<action>ActivateWindow(10025,"plugin://plugin.video.xmovies8",return)</action>
	</shortcut>
</shortcuts>
