***VERSION: 2.0.1***
***REL_URL***
Movie,Dirty Grandpa,2016,,,EasyNews,/search?title=Dirty+Grandpa&year=2016
Movie,Dirty Grandpa,2016,,,alluc.com,/search?title=Dirty+Grandpa&year=2016
Movie,Dirty Grandpa,2016,,,iWatchOnline,/movie/55915-dirty-grandpa
Movie,Dirty Grandpa,2016,,,afdah,/?p=64469
Movie,Dirty Grandpa,2016,,,Furk.net,/search?title=Dirty+Grandpa&year=2016
Movie,Dirty Grandpa,2016,,,pubfilm,/2016/02/dirty-grandpa-2016-full-ts.html
Movie,Dirty Grandpa,2016,,,ReleaseBB,/dirty-grandpa-2016-ts-xvid-standard/
Movie,Dirty Grandpa,2016,,,DDLValley,/dirty-grandpa-2016-ts-xvid-standard/
Movie,Dirty Grandpa,2016,,,SolarMovie,/watch-dirty-grandpa-2016.html
***OTHER_LISTS***
***SAVED_SEARCHES***
***BOOKMARKS***
188691,,,25.23900032043457
