<settings>
    <accessibility>
        <audiohearing default="true">false</audiohearing>
        <audiovisual default="true">false</audiovisual>
        <subhearing default="true">false</subhearing>
    </accessibility>
    <audiocds>
        <autoaction default="true">0</autoaction>
        <ejectonrip default="true">true</ejectonrip>
        <encoder default="true">audioencoder.xbmc.builtin.wav</encoder>
        <recordingpath default="true"></recordingpath>
        <trackpathformat default="true">%A/%A - %B/[%N. ][%A - ]%T</trackpathformat>
        <usecddb default="true">true</usecddb>
    </audiocds>
    <audiooutput>
        <ac3passthrough default="true">true</ac3passthrough>
        <ac3transcode default="true">false</ac3transcode>
        <audiodevice default="true">DIRECTSOUND:default</audiodevice>
        <channels default="true">1</channels>
        <config default="true">2</config>
        <dtshdpassthrough default="true">false</dtshdpassthrough>
        <dtspassthrough default="true">false</dtspassthrough>
        <eac3passthrough default="true">false</eac3passthrough>
        <guisoundmode default="true">1</guisoundmode>
        <maintainoriginalvolume default="true">true</maintainoriginalvolume>
        <passthrough default="true">false</passthrough>
        <passthroughdevice default="true">DIRECTSOUND:default</passthroughdevice>
        <processquality default="true">30</processquality>
        <samplerate default="true">48000</samplerate>
        <stereoupmix default="true">false</stereoupmix>
        <streamsilence default="true">1</streamsilence>
        <truehdpassthrough default="true">false</truehdpassthrough>
    </audiooutput>
    <cache>
        <harddisk default="true">256</harddisk>
    </cache>
    <cacheaudio>
        <dvdrom default="true">256</dvdrom>
        <internet default="true">256</internet>
        <lan default="true">256</lan>
    </cacheaudio>
    <cachedvd>
        <dvdrom default="true">2048</dvdrom>
        <lan default="true">2048</lan>
    </cachedvd>
    <cacheunknown>
        <internet default="true">4096</internet>
    </cacheunknown>
    <cachevideo>
        <dvdrom default="true">2048</dvdrom>
        <internet default="true">4096</internet>
        <lan default="true">2048</lan>
    </cachevideo>
    <debug>
        <extralogging default="true">true</extralogging>
        <screenshotpath>C:\Users\Shaun\Desktop\</screenshotpath>
        <setextraloglevel default="true">32768</setextraloglevel>
        <showloginfo default="true">false</showloginfo>
    </debug>
    <disc>
        <playback default="true">0</playback>
    </disc>
    <dvds>
        <automenu default="true">false</automenu>
        <autorun default="true">false</autorun>
        <playerregion default="true">0</playerregion>
    </dvds>
    <epg>
        <daystodisplay default="true">3</daystodisplay>
        <epgupdate default="true">120</epgupdate>
        <hidenoinfoavailable default="true">true</hidenoinfoavailable>
        <ignoredbforclient default="true">false</ignoredbforclient>
        <preventupdateswhileplayingtv default="true">false</preventupdateswhileplayingtv>
        <selectaction default="true">2</selectaction>
    </epg>
    <filelists>
        <allowfiledeletion default="true">false</allowfiledeletion>
        <ignorethewhensorting default="true">true</ignorethewhensorting>
        <showaddsourcebuttons default="true">true</showaddsourcebuttons>
        <showextensions default="true">true</showextensions>
        <showhidden default="true">false</showhidden>
        <showparentdiritems default="true">true</showparentdiritems>
    </filelists>
    <general>
        <addonbrokenfilter default="true">true</addonbrokenfilter>
        <addonforeignfilter default="true">false</addonforeignfilter>
        <addonnotifications default="true">true</addonnotifications>
        <addonupdates default="true">0</addonupdates>
        <systemtotaluptime>14365</systemtotaluptime>
        <settinglevel>3</settinglevel>
    </general>
    <input>
        <enablejoystick default="true">true</enablejoystick>
        <enablemouse default="true">true</enablemouse>
    </input>
    <karaoke>
        <autopopupselector default="true">false</autopopupselector>
        <charset default="true">DEFAULT</charset>
        <enabled>true</enabled>
        <font default="true">arial.ttf</font>
        <fontcolors default="true">0</fontcolors>
        <fontheight default="true">36</fontheight>
    </karaoke>
    <locale>
        <audiolanguage default="true">original</audiolanguage>
        <charset default="true">DEFAULT</charset>
        <country>UK (24h)</country>
        <keyboardlayouts default="true">English QWERTY</keyboardlayouts>
        <language default="true">resource.language.en_gb</language>
        <longdateformat default="true">regional</longdateformat>
        <shortdateformat default="true">regional</shortdateformat>
        <speedunit default="true">regional</speedunit>
        <subtitlelanguage>English</subtitlelanguage>
        <temperatureunit default="true">regional</temperatureunit>
        <timeformat default="true">regional</timeformat>
        <timezone default="true">default</timezone>
        <timezonecountry default="true">default</timezonecountry>
        <use24hourclock default="true">regional</use24hourclock>
    </locale>
    <lookandfeel>
        <enablerssfeeds default="true">true</enablerssfeeds>
        <font default="true">Default</font>
        <rssedit default="true"></rssedit>
        <skin>skin.aeon.nox.5</skin>
        <skincolors default="true">SKINDEFAULT</skincolors>
        <skintheme default="true">SKINDEFAULT</skintheme>
        <skinzoom default="true">0</skinzoom>
        <soundskin>resource.uisounds.titan.modern</soundskin>
        <startupwindow>10006</startupwindow>
    </lookandfeel>
    <masterlock>
        <maxretries default="true">3</maxretries>
        <startuplock default="true">false</startuplock>
    </masterlock>
    <musicfiles>
        <findremotethumbs default="true">true</findremotethumbs>
        <librarytrackformat default="true"></librarytrackformat>
        <librarytrackformatright default="true"></librarytrackformatright>
        <nowplayingtrackformat default="true"></nowplayingtrackformat>
        <nowplayingtrackformatright default="true"></nowplayingtrackformatright>
        <trackformat default="true">[%N. ]%A - %T</trackformat>
        <trackformatright default="true">%D</trackformatright>
        <usetags default="true">true</usetags>
    </musicfiles>
    <musiclibrary>
        <albumsscraper default="true">metadata.album.universal</albumsscraper>
        <artistsscraper default="true">metadata.artists.universal</artistsscraper>
        <backgroundupdate default="true">false</backgroundupdate>
        <downloadinfo default="true">false</downloadinfo>
        <overridetags default="true">false</overridetags>
        <showallitems default="true">true</showallitems>
        <showcompilationartists default="true">true</showcompilationartists>
        <updateonstartup default="true">false</updateonstartup>
    </musiclibrary>
    <musicplayer>
        <autoplaynextitem default="true">true</autoplaynextitem>
        <crossfade default="true">0</crossfade>
        <crossfadealbumtracks default="true">true</crossfadealbumtracks>
        <queuebydefault default="true">false</queuebydefault>
        <replaygainavoidclipping default="true">false</replaygainavoidclipping>
        <replaygainnogainpreamp default="true">89</replaygainnogainpreamp>
        <replaygainpreamp default="true">89</replaygainpreamp>
        <replaygaintype default="true">1</replaygaintype>
        <seekdelay default="true">750</seekdelay>
        <seeksteps default="true">-60,-30,-10,10,30,60</seeksteps>
        <visualisation></visualisation>
    </musicplayer>
    <mymusic>
        <defaultlibview default="true"></defaultlibview>
        <songthumbinvis default="true">false</songthumbinvis>
        <startwindow default="true">10501</startwindow>
        <playlist>
            <repeat>false</repeat>
            <shuffle>false</shuffle>
        </playlist>
        <needsupdate>0</needsupdate>
    </mymusic>
    <myvideos>
        <extractchapterthumbs default="true">true</extractchapterthumbs>
        <extractflags default="true">true</extractflags>
        <extractthumb default="true">true</extractthumb>
        <flatten default="true">false</flatten>
        <replacelabels default="true">true</replacelabels>
        <selectaction default="true">1</selectaction>
        <stackvideos default="true">false</stackvideos>
        <watchmodemovies>0</watchmodemovies>
        <watchmodetvshows>0</watchmodetvshows>
        <watchmodemusicvideos>0</watchmodemusicvideos>
        <playlist>
            <repeat>false</repeat>
            <shuffle>false</shuffle>
        </playlist>
        <needsupdate>0</needsupdate>
    </myvideos>
    <network>
        <bandwidth default="true">0</bandwidth>
        <httpproxypassword default="true"></httpproxypassword>
        <httpproxyport default="true">8080</httpproxyport>
        <httpproxyserver default="true"></httpproxyserver>
        <httpproxytype default="true">0</httpproxytype>
        <httpproxyusername default="true"></httpproxyusername>
        <usehttpproxy default="true">false</usehttpproxy>
    </network>
    <pictures>
        <displayresolution default="true">14</displayresolution>
        <generatethumbs default="true">true</generatethumbs>
        <showvideos default="true">true</showvideos>
        <useexifrotation default="true">true</useexifrotation>
        <usetags default="true">true</usetags>
    </pictures>
    <powermanagement>
        <displaysoff default="true">0</displaysoff>
        <shutdownstate default="true">0</shutdownstate>
        <shutdowntime default="true">0</shutdowntime>
        <wakeonaccess default="true">false</wakeonaccess>
    </powermanagement>
    <pvrmanager>
        <backendchannelorder default="true">true</backendchannelorder>
        <enabled default="true">false</enabled>
        <hideconnectionlostwarning default="true">false</hideconnectionlostwarning>
        <syncchannelgroups default="true">true</syncchannelgroups>
        <usebackendchannelnumbers default="true">false</usebackendchannelnumbers>
    </pvrmanager>
    <pvrmenu>
        <closechannelosdonswitch default="true">true</closechannelosdonswitch>
        <displaychannelinfo default="true">5</displaychannelinfo>
        <iconpath default="true"></iconpath>
    </pvrmenu>
    <pvrparental>
        <duration default="true">300</duration>
        <enabled default="true">false</enabled>
        <pin default="true"></pin>
    </pvrparental>
    <pvrplayback>
        <channelentrytimeout default="true">0</channelentrytimeout>
        <confirmchannelswitch default="true">false</confirmchannelswitch>
        <fps default="true">0</fps>
        <playminimized default="true">true</playminimized>
        <scantime default="true">10</scantime>
        <signalquality default="true">true</signalquality>
        <startlast default="true">0</startlast>
    </pvrplayback>
    <pvrpowermanagement>
        <backendidletime default="true">15</backendidletime>
        <dailywakeup default="true">false</dailywakeup>
        <dailywakeuptime default="true">00:00:00</dailywakeuptime>
        <enabled default="true">false</enabled>
        <prewakeup default="true">15</prewakeup>
        <setwakeupcmd default="true"></setwakeupcmd>
    </pvrpowermanagement>
    <pvrrecord>
        <defaultlifetime default="true">99</defaultlifetime>
        <defaultpriority default="true">50</defaultpriority>
        <instantrecordtime default="true">120</instantrecordtime>
        <marginend default="true">0</marginend>
        <marginstart default="true">0</marginstart>
        <timernotifications default="true">true</timernotifications>
    </pvrrecord>
    <scrapers>
        <moviesdefault default="true">metadata.themoviedb.org</moviesdefault>
        <musicvideosdefault default="true">metadata.musicvideos.theaudiodb.com</musicvideosdefault>
        <tvshowsdefault default="true">metadata.tvdb.com</tvshowsdefault>
    </scrapers>
    <screensaver>
        <mode default="true">screensaver.xbmc.builtin.dim</mode>
        <time default="true">3</time>
        <usedimonpause default="true">true</usedimonpause>
        <usemusicvisinstead default="true">true</usemusicvisinstead>
    </screensaver>
    <services>
        <airplay default="true">false</airplay>
        <airplayios8compat default="true">true</airplayios8compat>
        <airplaypassword default="true"></airplaypassword>
        <airplayvolumecontrol default="true">true</airplayvolumecontrol>
        <devicename>Syk TV</devicename>
        <esallinterfaces>true</esallinterfaces>
        <escontinuousdelay default="true">25</escontinuousdelay>
        <esenabled default="true">true</esenabled>
        <esinitialdelay default="true">750</esinitialdelay>
        <esmaxclients default="true">20</esmaxclients>
        <esport default="true">9777</esport>
        <esportrange default="true">10</esportrange>
        <upnpannounce default="true">true</upnpannounce>
        <upnpcontroller default="true">false</upnpcontroller>
        <upnplookforexternalsubtitles default="true">false</upnplookforexternalsubtitles>
        <upnprenderer default="true">false</upnprenderer>
        <upnpserver default="true">false</upnpserver>
        <useairplaypassword default="true">false</useairplaypassword>
        <webserver default="true">false</webserver>
        <webserverpassword default="true"></webserverpassword>
        <webserverport>8080</webserverport>
        <webserverusername default="true">kodi</webserverusername>
        <webskin default="true">webinterface.default</webskin>
        <zeroconf default="true">false</zeroconf>
    </services>
    <slideshow>
        <displayeffects default="true">true</displayeffects>
        <shuffle default="true">false</shuffle>
        <staytime default="true">5</staytime>
    </slideshow>
    <smb>
        <winsserver default="true">0.0.0.0</winsserver>
        <workgroup default="true">WORKGROUP</workgroup>
    </smb>
    <subtitles>
        <align default="true">0</align>
        <charset default="true">DEFAULT</charset>
        <color default="true">1</color>
        <custompath default="true"></custompath>
        <downloadfirst default="true">false</downloadfirst>
        <font default="true">arial.ttf</font>
        <height default="true">28</height>
        <languages default="true">English</languages>
        <movie>service.subtitles.opensubtitles</movie>
        <overrideassfonts default="true">false</overrideassfonts>
        <parsecaptions default="true">false</parsecaptions>
        <pauseonsearch default="true">true</pauseonsearch>
        <stereoscopicdepth default="true">0</stereoscopicdepth>
        <storagemode default="true">0</storagemode>
        <style default="true">1</style>
        <tv>service.subtitles.opensubtitles</tv>
    </subtitles>
    <system>
        <playlistspath>special://profile/playlists/</playlistspath>
    </system>
    <videolibrary>
        <actorthumbs default="true">true</actorthumbs>
        <backgroundupdate default="true">false</backgroundupdate>
        <flattentvshows default="true">1</flattentvshows>
        <groupmoviesets default="true">false</groupmoviesets>
        <showallitems default="true">true</showallitems>
        <showunwatchedplots default="true">true</showunwatchedplots>
        <tvshowsincludeallseasonsandspecials default="true">0</tvshowsincludeallseasonsandspecials>
        <tvshowsselectfirstunwatcheditem default="true">0</tvshowsselectfirstunwatcheditem>
        <updateonstartup default="true">false</updateonstartup>
    </videolibrary>
    <videoplayer>
        <adjustrefreshrate default="true">0</adjustrefreshrate>
        <autoplaynextitem default="true">false</autoplaynextitem>
        <errorinaspect default="true">0</errorinaspect>
        <hqscalers default="true">0</hqscalers>
        <pauseafterrefreshchange default="true">0</pauseafterrefreshchange>
        <preferdefaultflag default="true">true</preferdefaultflag>
        <prefervaapirender default="true">true</prefervaapirender>
        <quitstereomodeonstop default="true">true</quitstereomodeonstop>
        <rendermethod default="true">0</rendermethod>
        <seekdelay default="true">750</seekdelay>
        <seeksteps default="true">-600,-300,-180,-60,-30,-10,10,30,60,180,300,600</seeksteps>
        <stereoscopicplaybackmode default="true">0</stereoscopicplaybackmode>
        <stretch43>4</stretch43>
        <teletextenabled>false</teletextenabled>
        <teletextscale default="true">true</teletextscale>
        <useamcodec default="true">true</useamcodec>
        <usedisplayasclock default="true">false</usedisplayasclock>
        <usedxva2 default="true">true</usedxva2>
        <useomx default="true">true</useomx>
        <useomxplayer default="true">true</useomxplayer>
        <usevaapi default="true">true</usevaapi>
        <usevaapimpeg2 default="true">true</usevaapimpeg2>
        <usevaapimpeg4 default="true">true</usevaapimpeg4>
        <usevaapivc1 default="true">true</usevaapivc1>
        <usevda default="true">true</usevda>
        <usevdpau default="true">true</usevdpau>
        <usevdpaumixer default="true">true</usevdpaumixer>
        <usevdpaumpeg2 default="true">true</usevdpaumpeg2>
        <usevdpaumpeg4 default="true">false</usevdpaumpeg4>
        <usevdpauvc1 default="true">true</usevdpauvc1>
        <usevideotoolbox default="true">true</usevideotoolbox>
    </videoplayer>
    <videoscreen>
        <blankdisplays default="true">false</blankdisplays>
        <fakefullscreen default="true">true</fakefullscreen>
        <limitedrange default="true">false</limitedrange>
        <monitor default="true">Default</monitor>
        <preferedstereoscopicmode default="true">100</preferedstereoscopicmode>
        <resolution default="true">16</resolution>
        <screen default="true">0</screen>
        <screenmode default="true">DESKTOP</screenmode>
        <stereoscopicmode default="true">0</stereoscopicmode>
        <vsync default="true">2</vsync>
    </videoscreen>
    <weather>
        <addon>weather.yahoo</addon>
        <currentlocation default="true">1</currentlocation>
    </weather>
    <window>
        <height default="true">480</height>
        <width default="true">720</width>
    </window>
    <audio>
        <mute>false</mute>
        <fvolumelevel>1.000000</fvolumelevel>
    </audio>
    <resolutions>
        <resolution>
            <description>1366x768@ 60.00 - Full Screen</description>
            <subtitles>741</subtitles>
            <pixelratio>1.000000</pixelratio>
            <overscan>
                <left>0</left>
                <top>0</top>
                <right>1366</right>
                <bottom>768</bottom>
            </overscan>
        </resolution>
        <resolution>
            <description>320x200@ 60.00 - Full Screen</description>
            <subtitles>193</subtitles>
            <pixelratio>1.000000</pixelratio>
            <overscan>
                <left>0</left>
                <top>0</top>
                <right>320</right>
                <bottom>200</bottom>
            </overscan>
        </resolution>
        <resolution>
            <description>320x240@ 60.00 - Full Screen</description>
            <subtitles>231</subtitles>
            <pixelratio>1.000000</pixelratio>
            <overscan>
                <left>0</left>
                <top>0</top>
                <right>320</right>
                <bottom>240</bottom>
            </overscan>
        </resolution>
        <resolution>
            <description>400x300@ 60.00 - Full Screen</description>
            <subtitles>289</subtitles>
            <pixelratio>1.000000</pixelratio>
            <overscan>
                <left>0</left>
                <top>0</top>
                <right>400</right>
                <bottom>300</bottom>
            </overscan>
        </resolution>
        <resolution>
            <description>512x384@ 60.00 - Full Screen</description>
            <subtitles>370</subtitles>
            <pixelratio>1.000000</pixelratio>
            <overscan>
                <left>0</left>
                <top>0</top>
                <right>512</right>
                <bottom>384</bottom>
            </overscan>
        </resolution>
        <resolution>
            <description>640x400@ 60.00 - Full Screen</description>
            <subtitles>386</subtitles>
            <pixelratio>1.000000</pixelratio>
            <overscan>
                <left>0</left>
                <top>0</top>
                <right>640</right>
                <bottom>400</bottom>
            </overscan>
        </resolution>
        <resolution>
            <description>640x480@ 60.00 - Full Screen</description>
            <subtitles>463</subtitles>
            <pixelratio>1.000000</pixelratio>
            <overscan>
                <left>0</left>
                <top>0</top>
                <right>640</right>
                <bottom>480</bottom>
            </overscan>
        </resolution>
        <resolution>
            <description>800x600@ 60.00 - Full Screen</description>
            <subtitles>579</subtitles>
            <pixelratio>1.000000</pixelratio>
            <overscan>
                <left>0</left>
                <top>0</top>
                <right>800</right>
                <bottom>600</bottom>
            </overscan>
        </resolution>
        <resolution>
            <description>1024x768@ 60.00 - Full Screen</description>
            <subtitles>741</subtitles>
            <pixelratio>1.000000</pixelratio>
            <overscan>
                <left>0</left>
                <top>0</top>
                <right>1024</right>
                <bottom>768</bottom>
            </overscan>
        </resolution>
        <resolution>
            <description>1280x720@ 60.00 - Full Screen</description>
            <subtitles>694</subtitles>
            <pixelratio>1.000000</pixelratio>
            <overscan>
                <left>0</left>
                <top>0</top>
                <right>1280</right>
                <bottom>720</bottom>
            </overscan>
        </resolution>
        <resolution>
            <description>1280x768@ 60.00 - Full Screen</description>
            <subtitles>741</subtitles>
            <pixelratio>1.000000</pixelratio>
            <overscan>
                <left>0</left>
                <top>0</top>
                <right>1280</right>
                <bottom>768</bottom>
            </overscan>
        </resolution>
        <resolution>
            <description>1360x768@ 60.00 - Full Screen</description>
            <subtitles>741</subtitles>
            <pixelratio>1.000000</pixelratio>
            <overscan>
                <left>0</left>
                <top>0</top>
                <right>1360</right>
                <bottom>768</bottom>
            </overscan>
        </resolution>
    </resolutions>
    <defaultvideosettings>
        <deinterlacemode>1</deinterlacemode>
        <interlacemethod>1</interlacemethod>
        <scalingmethod>1</scalingmethod>
        <noisereduction>0.000000</noisereduction>
        <postprocess>false</postprocess>
        <sharpness>0.000000</sharpness>
        <viewmode>0</viewmode>
        <zoomamount>1.000000</zoomamount>
        <pixelratio>1.000000</pixelratio>
        <verticalshift>0.000000</verticalshift>
        <volumeamplification>0.000000</volumeamplification>
        <outputtoallspeakers>false</outputtoallspeakers>
        <showsubtitles>true</showsubtitles>
        <brightness>50.000000</brightness>
        <contrast>50.000000</contrast>
        <gamma>20.000000</gamma>
        <audiodelay>0.000000</audiodelay>
        <subtitledelay>0.000000</subtitledelay>
        <nonlinstretch>false</nonlinstretch>
        <stereomode>0</stereomode>
    </defaultvideosettings>
    <skinsettings>
        <setting type="bool" name="skin.confluence.Use_Startup_Playlist">false</setting>
        <setting type="bool" name="skin.confluence.UseCustomBackground">false</setting>
        <setting type="bool" name="skin.confluence.HideBackGroundFanart">false</setting>
        <setting type="bool" name="skin.confluence.ShowBackgroundVideo">false</setting>
        <setting type="bool" name="skin.confluence.ShowBackgroundVis">false</setting>
        <setting type="bool" name="skin.confluence.HomepageHideRecentlyAddedVideo">false</setting>
        <setting type="bool" name="skin.confluence.HomepageHideRecentlyAddedAlbums">false</setting>
        <setting type="bool" name="skin.confluence.homepageWeatherinfo">false</setting>
        <setting type="bool" name="skin.confluence.homepageMusicinfo">false</setting>
        <setting type="bool" name="skin.confluence.homepageVideoinfo">false</setting>
        <setting type="bool" name="skin.confluence.HomeMenuNoMovieButton">false</setting>
        <setting type="bool" name="skin.confluence.HomeMenuNoTVShowButton">false</setting>
        <setting type="bool" name="skin.confluence.HomeMenuNoWeatherButton">false</setting>
        <setting type="bool" name="skin.confluence.HomeMenuNoPicturesButton">false</setting>
        <setting type="bool" name="skin.confluence.HomeMenuNoVideosButton">false</setting>
        <setting type="bool" name="skin.confluence.HomeMenuNoMusicButton">false</setting>
        <setting type="bool" name="skin.confluence.HomeMenuNoProgramsButton">false</setting>
        <setting type="bool" name="skin.confluence.AutoScroll">false</setting>
        <setting type="bool" name="skin.confluence.FirstTimeRun">true</setting>
        <setting type="bool" name="skin.aeon.nox.5.Enable.SlimList">false</setting>
        <setting type="bool" name="skin.aeon.nox.5.HorizontalListNav">false</setting>
        <setting type="bool" name="skin.aeon.nox.5.KioskMode.Enabled">true</setting>
        <setting type="bool" name="skin.aeon.nox.5.Disable.Fanart">false</setting>
        <setting type="bool" name="skin.aeon.nox.5.Disable.ShowBackgroundVis">false</setting>
        <setting type="bool" name="skin.aeon.nox.5.Disable.ShowBackgroundVideo">false</setting>
        <setting type="bool" name="skin.aeon.nox.5.Enable.AutoScroll">false</setting>
        <setting type="bool" name="skin.aeon.nox.5.Enable.HideRatings">false</setting>
        <setting type="bool" name="skin.aeon.nox.5.Disable.Videoinfo">true</setting>
        <setting type="bool" name="skin.aeon.nox.5.Disable.Musicinfo">false</setting>
        <setting type="bool" name="skin.aeon.nox.5.Detach.RSS">true</setting>
        <setting type="bool" name="skin.aeon.nox.5.mainmenuicons">false</setting>
        <setting type="bool" name="skin.aeon.nox.5.lowermainmenu">true</setting>
        <setting type="bool" name="skin.aeon.nox.5.biggergap">false</setting>
        <setting type="bool" name="skin.aeon.nox.5.Disable.UnwatchedIcon">false</setting>
        <setting type="bool" name="skin.aeon.nox.5.nohighlist">false</setting>
        <setting type="bool" name="skin.aeon.nox.5.VideoInfoPlotToggle">false</setting>
        <setting type="bool" name="skin.aeon.nox.5.Disable.NextAired">true</setting>
        <setting type="bool" name="skin.aeon.nox.5.Disable.Resumable">false</setting>
        <setting type="bool" name="skin.aeon.nox.5.Disable.Extrafanart">false</setting>
        <setting type="bool" name="skin.aeon.nox.5.Adult">false</setting>
        <setting type="bool" name="skin.aeon.nox.5.Connected">false</setting>
        <setting type="bool" name="skin.aeon.nox.5.Connected2">false</setting>
        <setting type="bool" name="skin.aeon.nox.5.Connected3">false</setting>
        <setting type="bool" name="skin.aeon.nox.5.myfeatherence3">false</setting>
        <setting type="bool" name="skin.aeon.nox.5.AllowDebug">false</setting>
        <setting type="bool" name="skin.aeon.nox.5.RealDebrid">false</setting>
        <setting type="bool" name="skin.aeon.nox.5.SdarotTV">false</setting>
        <setting type="bool" name="skin.aeon.nox.5.VALIDATION">false</setting>
        <setting type="bool" name="skin.aeon.nox.5.VALIDATION2">false</setting>
        <setting type="bool" name="skin.aeon.nox.5.CustomGUI">false</setting>
        <setting type="bool" name="skin.aeon.nox.5.ShowDialog">false</setting>
        <setting type="bool" name="skin.aeon.nox.5.CustomAS">false</setting>
        <setting type="bool" name="skin.aeon.nox.5.CustomSources">false</setting>
        <setting type="bool" name="skin.aeon.nox.5.CustomKeymaps">false</setting>
        <setting type="bool" name="skin.aeon.nox.5.ID40">false</setting>
        <setting type="bool" name="skin.aeon.nox.5.Trial">false</setting>
        <setting type="bool" name="skin.re-touched.UseCustomBackground">true</setting>
        <setting type="bool" name="skin.re-touched.HideVideoBackground">true</setting>
        <setting type="bool" name="skin.re-touched.HideVizBackground">false</setting>
        <setting type="bool" name="skin.re-touched.MediaSubMenuVisible">false</setting>
        <setting type="bool" name="skin.re-touched.ShowHomeButtonLiveTV">false</setting>
        <setting type="bool" name="skin.re-touched.HideHomeButtonVideo">false</setting>
        <setting type="bool" name="skin.re-touched.HideHomeButtonMovies">false</setting>
        <setting type="bool" name="skin.re-touched.HideHomeButtonTVShows">false</setting>
        <setting type="bool" name="skin.re-touched.HideHomeButtonMusic">true</setting>
        <setting type="bool" name="skin.re-touched.HideHomeButtonPictures">true</setting>
        <setting type="bool" name="skin.re-touched.HideHomeButtonPrograms">false</setting>
        <setting type="bool" name="skin.re-touched.HideHomeButtonWeather">false</setting>
        <setting type="bool" name="skin.unity.SubtitleSection">false</setting>
        <setting type="bool" name="skin.unity.AutoScroll">true</setting>
        <setting type="bool" name="skin.unity.UseCustomBackground">true</setting>
        <setting type="bool" name="skin.unity.HideBackGroundFanart">false</setting>
        <setting type="bool" name="skin.unity.ShowBackgroundVideo">false</setting>
        <setting type="bool" name="skin.unity.HideWindowedTrailer">false</setting>
        <setting type="bool" name="skin.unity.ExtraFanart">true</setting>
        <setting type="bool" name="skin.unity.ShowBackgroundVis">false</setting>
        <setting type="bool" name="skin.unity.HomepageHideRecentlyAddedVideo">false</setting>
        <setting type="bool" name="skin.unity.HomepageHideRecentlyAddedAlbums">false</setting>
        <setting type="bool" name="skin.unity.AutoHideHomepageSubmenu">false</setting>
        <setting type="bool" name="skin.unity.homepageMusicinfo">false</setting>
        <setting type="bool" name="skin.unity.homepageVideoinfo">false</setting>
        <setting type="bool" name="skin.unity.homepageWeatherinfo">false</setting>
        <setting type="bool" name="skin.unity.SkinShortcuts-FullMenu">true</setting>
        <setting type="bool" name="skin.unity.HomeMenuNoMovieButton">false</setting>
        <setting type="bool" name="skin.unity.HomeMenuNoTVShowButton">false</setting>
        <setting type="bool" name="skin.unity.Show_SlideShow_Paused">false</setting>
        <setting type="bool" name="skin.unity.HideFilenameFlagging">true</setting>
        <setting type="bool" name="skin.unity.ActivateTvTunes">false</setting>
        <setting type="bool" name="skin.unity.Use_Startup_Playlist">true</setting>
        <setting type="bool" name="skin.unity.HideVisualizationFanart">false</setting>
        <setting type="bool" name="skin.blackglassnova.FullscreenMusic">false</setting>
        <setting type="bool" name="skin.blackglassnova.BlackGlassMode">true</setting>
        <setting type="bool" name="skin.blackglassnova.DisableSlidingAnimations">false</setting>
        <setting type="bool" name="skin.blackglassnova.Highlighted.Color.Fuchsia">false</setting>
        <setting type="bool" name="skin.blackglassnova.Highlighted.Color.Azure">false</setting>
        <setting type="bool" name="skin.blackglassnova.Highlighted.Color.Blue">false</setting>
        <setting type="bool" name="skin.blackglassnova.Highlighted.Color.Green">false</setting>
        <setting type="bool" name="skin.blackglassnova.Highlighted.Color.Red">false</setting>
        <setting type="bool" name="skin.blackglassnova.Highlighted.Color.Violet">false</setting>
        <setting type="bool" name="skin.blackglassnova.Highlighted.Color.Yellow">false</setting>
        <setting type="bool" name="skin.blackglassnova.DisableOSDInfoOnPause">false</setting>
        <setting type="bool" name="skin.blackglassnova.OSDShowInfoPaused">false</setting>
        <setting type="bool" name="skin.blackglassnova.DisablePauseIconOSD">false</setting>
        <setting type="bool" name="skin.blackglassnova.WindowClosingIcon">false</setting>
        <setting type="bool" name="skin.blackglassnova.EnableClearLogo">false</setting>
        <setting type="bool" name="skin.blackglassnova.EnableClearArt">false</setting>
        <setting type="bool" name="skin.blackglassnova.plexbmc">false</setting>
        <setting type="bool" name="skin.blackglassnova.EnableCdArt">false</setting>
        <setting type="bool" name="skin.blackglassnova.AutoScroll">false</setting>
        <setting type="bool" name="skin.blackglassnova.ManualScroll">false</setting>
        <setting type="bool" name="skin.blackglassnova.DisableFanart">false</setting>
        <setting type="bool" name="skin.blackglassnova.EnableExtraFanart">false</setting>
        <setting type="bool" name="skin.blackglassnova.Overlay.Color.Fuchsia">false</setting>
        <setting type="bool" name="skin.blackglassnova.Overlay.Color.White">false</setting>
        <setting type="bool" name="skin.blackglassnova.Overlay.Color.Blue">false</setting>
        <setting type="bool" name="skin.blackglassnova.Overlay.Color.Green">false</setting>
        <setting type="bool" name="skin.blackglassnova.Overlay.Color.Red">false</setting>
        <setting type="bool" name="skin.blackglassnova.Overlay.Color.Violet">false</setting>
        <setting type="bool" name="skin.blackglassnova.Overlay.Color.Yellow">false</setting>
        <setting type="bool" name="skin.blackglassnova.KenBurnsEffect">false</setting>
        <setting type="bool" name="skin.blackglassnova.Home_DefaultBG">false</setting>
        <setting type="bool" name="skin.blackglassnova.VerticalHome">false</setting>
        <setting type="bool" name="skin.blackglassnova.Videos.Background.EnableRandomFanart">false</setting>
        <setting type="bool" name="skin.blackglassnova.Movies.Background.EnableRandomFanart">false</setting>
        <setting type="bool" name="skin.blackglassnova.TVShows.Background.EnableRandomFanart">false</setting>
        <setting type="bool" name="skin.blackglassnova.Music.Background.EnableRandomFanart">false</setting>
        <setting type="bool" name="skin.blackglassnova.Show_Player">false</setting>
        <setting type="bool" name="skin.blackglassnova.MusicPlayingFanart">false</setting>
        <setting type="bool" name="skin.blackglassnova.Hide.Favourites">false</setting>
        <setting type="bool" name="skin.blackglassnova.Shelf.Addons">false</setting>
        <setting type="bool" name="skin.blackglassnova.Hide.RecentlyAdded">false</setting>
        <setting type="bool" name="skin.blackglassnova.Fixed_HomeMenu">false</setting>
        <setting type="bool" name="skin.blackglassnova.SkinShortcuts-FullMenu">true</setting>
        <setting type="bool" name="skin.blackglassnova.skinshortcuts-background-Pictures.Art">true</setting>
        <setting type="bool" name="skin.blackglassnova.skinshortcuts-widget-Addon">true</setting>
        <setting type="bool" name="skin.blackglassnova.skinshortcuts-background-Addons.Art">true</setting>
        <setting type="bool" name="skin.blackglassnova.skinshortcuts-background-Videos.Art">true</setting>
        <setting type="bool" name="skin.blackglassnova.skinshortcuts-widget-Movie">true</setting>
        <setting type="bool" name="skin.blackglassnova.skinshortcuts-background-Movies.Art">true</setting>
        <setting type="bool" name="skin.blackglassnova.skinshortcuts-widget-Episode">true</setting>
        <setting type="bool" name="skin.blackglassnova.skinshortcuts-background-TVShows.Art">true</setting>
        <setting type="bool" name="skin.blackglassnova.skinshortcuts-widget-Music">true</setting>
        <setting type="bool" name="skin.blackglassnova.skinshortcuts-background-Music.Art">true</setting>
        <setting type="bool" name="skin.blackglassnova.skinshortcuts-widget-Clip">true</setting>
        <setting type="bool" name="skin.blackglassnova.skinshortcuts-background-Clips.Art">true</setting>
        <setting type="bool" name="skin.blackglassnova.skinshortcuts-widget-Concert">true</setting>
        <setting type="bool" name="skin.blackglassnova.skinshortcuts-background-Concerts.Art">true</setting>
        <setting type="bool" name="skin.blackglassnova.skinshortcuts-background-Tv.Art">true</setting>
        <setting type="bool" name="skin.blackglassnova.skinshortcuts-background-Radio.Art">true</setting>
        <setting type="bool" name="skin.blackglassnova.skinshortcuts-widget-Favourite">true</setting>
        <setting type="bool" name="skin.blackglassnova.skinshortcuts-background-Favourites.Art">true</setting>
        <setting type="bool" name="skin.blackglassnova.skinshortcuts-background-DVD.Art">true</setting>
        <setting type="bool" name="skin.blackglassnova.skinshortcuts-background-Weather.Art">true</setting>
        <setting type="bool" name="skin.blackglassnova.skinshortcuts-background-Settings.Art">true</setting>
        <setting type="bool" name="skin.blackglassnova.skinshortcuts-background-Search.Art">true</setting>
        <setting type="bool" name="skin.blackglassnova.skinshortcuts-background-Quit.Art">true</setting>
        <setting type="bool" name="skin.blackglassnova.Hide_Watched_Marks">false</setting>
        <setting type="bool" name="skin.blackglassnova.Hide_Unwatched_Marks">false</setting>
        <setting type="bool" name="skin.blackglassnova.DefaultView50">false</setting>
        <setting type="bool" name="skin.blackglassnova.DefaultView52">false</setting>
        <setting type="bool" name="skin.blackglassnova.DefaultView54">false</setting>
        <setting type="bool" name="skin.blackglassnova.FixedShortListUnknown">false</setting>
        <setting type="bool" name="skin.blackglassnova.ScrollOffsetLabelEnabled">false</setting>
        <setting type="bool" name="skin.blackglassnova.EnableKioskMode">false</setting>
        <setting type="bool" name="skin.blackglassnova.PVRChannelListBig">false</setting>
        <setting type="bool" name="skin.blackglassnova.Use_Artist_Slideshow">false</setting>
        <setting type="bool" name="skin.blackglassnova.Use.FastStart">false</setting>
        <setting type="bool" name="skin.blackglassnova.startup-playlist">false</setting>
        <setting type="bool" name="skin.blackglassnova.Movies.Hide">false</setting>
        <setting type="bool" name="skin.blackglassnova.TVShows.Hide">false</setting>
        <setting type="bool" name="skin.blackglassnova.Music.Hide">false</setting>
        <setting type="bool" name="skin.blackglassnova.Clips.Show">false</setting>
        <setting type="bool" name="skin.blackglassnova.Concerts.Show">false</setting>
        <setting type="bool" name="skin.blackglassnova.Pictures.Hide">false</setting>
        <setting type="bool" name="skin.blackglassnova.Favourites.Hide">false</setting>
        <setting type="bool" name="skin.blackglassnova.Addons.Hide">false</setting>
        <setting type="bool" name="skin.blackglassnova.DVD.Hide">false</setting>
        <setting type="bool" name="skin.blackglassnova.Quit.Hide">false</setting>
        <setting type="bool" name="skin.blackglassnova.Tv.Hide">false</setting>
        <setting type="bool" name="skin.blackglassnova.Radio.Hide">false</setting>
        <setting type="bool" name="skin.blackglassnova.QuitMenu_Hide_Quit">false</setting>
        <setting type="bool" name="skin.blackglassnova.QuitMenu_Hide_Sleep">false</setting>
        <setting type="bool" name="skin.blackglassnova.QuitMenu_Hide_Shutdown">false</setting>
        <setting type="bool" name="skin.blackglassnova.QuitMenu_Hide_Reboot">false</setting>
        <setting type="bool" name="skin.blackglassnova.QuitMenu_Hide_Timer">false</setting>
        <setting type="bool" name="skin.blackglassnova.Highlighted.Color.White">false</setting>
        <setting type="bool" name="skin.blackglassnova.Overlay.Color.Azure">false</setting>
        <setting type="bool" name="skin.blackglassnova.53_UseBanners">false</setting>
        <setting type="bool" name="skin.blackglassnova.53_BigGrid">false</setting>
        <setting type="bool" name="skin.blackglassnova.55_UseBanners">false</setting>
        <setting type="bool" name="skin.blackglassnova.Posters_Gallery">false</setting>
        <setting type="bool" name="skin.blackglassnova.Music_Gallery">false</setting>
        <setting type="bool" name="skin.blackglassnova.Episodes_Gallery">false</setting>
        <setting type="bool" name="skin.aeon.nox.5.AnimeWindowXMLDialogClose">false</setting>
        <setting type="string" name="skin.confluence.CustomBackgroundPath"></setting>
        <setting type="string" name="skin.confluence.HomeVideosButton1"></setting>
        <setting type="string" name="skin.confluence.HomeVideosButton2"></setting>
        <setting type="string" name="skin.confluence.HomeVideosButton3"></setting>
        <setting type="string" name="skin.confluence.HomeVideosButton4"></setting>
        <setting type="string" name="skin.confluence.HomeVideosButton5"></setting>
        <setting type="string" name="skin.confluence.HomeMusicButton1"></setting>
        <setting type="string" name="skin.confluence.HomeMusicButton2"></setting>
        <setting type="string" name="skin.confluence.HomeMusicButton3"></setting>
        <setting type="string" name="skin.confluence.HomeMusicButton4"></setting>
        <setting type="string" name="skin.confluence.HomeMusicButton5"></setting>
        <setting type="string" name="skin.confluence.HomePictureButton1"></setting>
        <setting type="string" name="skin.confluence.HomePictureButton2"></setting>
        <setting type="string" name="skin.confluence.HomePictureButton3"></setting>
        <setting type="string" name="skin.confluence.HomePictureButton4"></setting>
        <setting type="string" name="skin.confluence.HomePictureButton5"></setting>
        <setting type="string" name="skin.confluence.HomeProgramButton1"></setting>
        <setting type="string" name="skin.confluence.HomeProgramButton2"></setting>
        <setting type="string" name="skin.confluence.HomeProgramButton3"></setting>
        <setting type="string" name="skin.confluence.HomeProgramButton4"></setting>
        <setting type="string" name="skin.confluence.HomeProgramButton5"></setting>
        <setting type="string" name="skin.aeon.nox.5.VideoGenreFanartPath"></setting>
        <setting type="string" name="skin.aeon.nox.5.MusicGenreFanartPath"></setting>
        <setting type="string" name="skin.aeon.nox.5.System.Fallback"></setting>
        <setting type="string" name="skin.aeon.nox.5.WeatherFanartDir">http://aeon-nox-background-packs.googlecode.com/svn/trunk/weather-fanart/default/</setting>
        <setting type="string" name="skin.aeon.nox.5.Apps.Fallback"></setting>
        <setting type="string" name="skin.aeon.nox.5.PicturesHomeItem.Disable"></setting>
        <setting type="string" name="skin.aeon.nox.5.MusicHomeItem.Disable"></setting>
        <setting type="string" name="skin.aeon.nox.5.MovieHomeItem.Disable"></setting>
        <setting type="string" name="skin.aeon.nox.5.TVShowHomeItem.Disable"></setting>
        <setting type="string" name="skin.aeon.nox.5.LiveTVHomeItem.Disable">True</setting>
        <setting type="string" name="skin.aeon.nox.5.Custom1HomeItem.Disable"></setting>
        <setting type="string" name="skin.aeon.nox.5.Custom1HomeItem.Path">ActivateWindow(10025,&quot;plugin://plugin.video.kmER&quot;,return)</setting>
        <setting type="string" name="skin.aeon.nox.5.Custom2HomeItem.Disable">True</setting>
        <setting type="string" name="skin.aeon.nox.5.Custom2HomeItem.Path">.</setting>
        <setting type="string" name="skin.aeon.nox.5.Custom3HomeItem.Disable">True</setting>
        <setting type="string" name="skin.aeon.nox.5.Custom3HomeItem.Path">ActivateWindow(Pictures)</setting>
        <setting type="string" name="skin.aeon.nox.5.Custom4HomeItem.Disable"></setting>
        <setting type="string" name="skin.aeon.nox.5.Custom4HomeItem.Path"></setting>
        <setting type="string" name="skin.aeon.nox.5.Custom5HomeItem.Disable"></setting>
        <setting type="string" name="skin.aeon.nox.5.Custom5HomeItem.Path"></setting>
        <setting type="string" name="skin.aeon.nox.5.Custom6HomeItem.Disable"></setting>
        <setting type="string" name="skin.aeon.nox.5.Custom6HomeItem.Path"></setting>
        <setting type="string" name="skin.aeon.nox.5.VideosHomeItem.Disable">True</setting>
        <setting type="string" name="skin.aeon.nox.5.ProgramsHomeItem.Disable">True</setting>
        <setting type="string" name="skin.aeon.nox.5.SettingsHomeItem.Disable"></setting>
        <setting type="string" name="skin.aeon.nox.5.ShutdownHomeItem.Disable"></setting>
        <setting type="string" name="skin.aeon.nox.5.FavoritesHomeItem.Disable">True</setting>
        <setting type="string" name="skin.aeon.nox.5.WeatherHomeItem.Disable">True</setting>
        <setting type="string" name="skin.aeon.nox.5.MusicVideoHomeItem.Disable">True</setting>
        <setting type="string" name="skin.aeon.nox.5.PicturesHomeItem.Label">Sky Lion Movies</setting>
        <setting type="string" name="skin.aeon.nox.5.PicturesHomeItem.MultiFanart">C:\Program Files (x86)\Kodi\userdata\kodi\movie backrounds\</setting>
        <setting type="string" name="skin.aeon.nox.5.PicturesHomeItem.Icon"></setting>
        <setting type="string" name="skin.aeon.nox.5.PicturesHomeItem.Path">ActivateWindow(10025,&quot;plugin://plugin.video.salts&quot;,return)</setting>
        <setting type="string" name="skin.aeon.nox.5.PicturesHomeItem.BGType">2</setting>
        <setting type="string" name="skin.aeon.nox.5.PicturesHomeItem.Widget"></setting>
        <setting type="string" name="skin.aeon.nox.5.PicturesHomeItem.WidgetLabel"></setting>
        <setting type="string" name="skin.aeon.nox.5.PicturesHomeItem.WidgetType"></setting>
        <setting type="string" name="skin.aeon.nox.5.PicturesHomeItem.InfoLine"></setting>
        <setting type="string" name="skin.aeon.nox.5.PicturesHomeItem.SubMenu"></setting>
        <setting type="string" name="skin.aeon.nox.5.MusicHomeItem.Label">Sky Tv</setting>
        <setting type="string" name="skin.aeon.nox.5.MusicHomeItem.MultiFanart">C:\Users\Conor Gower\Documents\kodi\Sky Programs\virgin-media-logo-media-1714186750.jpg</setting>
        <setting type="string" name="skin.aeon.nox.5.MusicHomeItem.Icon">views/list/DefaultAddonPVRClient.png</setting>
        <setting type="string" name="skin.aeon.nox.5.MusicHomeItem.Path">ActivateWindow(10025,&quot;plugin://plugin.video.ukturk&quot;,return)</setting>
        <setting type="string" name="skin.aeon.nox.5.MusicHomeItem.BGType">1</setting>
        <setting type="string" name="skin.aeon.nox.5.MusicHomeItem.Widget"></setting>
        <setting type="string" name="skin.aeon.nox.5.MusicHomeItem.WidgetLabel"></setting>
        <setting type="string" name="skin.aeon.nox.5.MusicHomeItem.WidgetType"></setting>
        <setting type="string" name="skin.aeon.nox.5.MusicHomeItem.InfoLine"></setting>
        <setting type="string" name="skin.aeon.nox.5.MusicHomeItem.SubMenu">x12</setting>
        <setting type="string" name="skin.aeon.nox.5.MovieHomeItem.Label">Sky Sports</setting>
        <setting type="string" name="skin.aeon.nox.5.MovieHomeItem.MultiFanart">C:\Program Files (x86)\Kodi\userdata\kodi\Sky\</setting>
        <setting type="string" name="skin.aeon.nox.5.MovieHomeItem.Icon">special://skin/extras/icons/Customize.png</setting>
        <setting type="string" name="skin.aeon.nox.5.MovieHomeItem.Path">ActivateWindow(10025,&quot;plugin://plugin.video.ZemTV-shani/?url=sss&amp;mode=51&amp;name=PTC+sports&quot;,return)</setting>
        <setting type="string" name="skin.aeon.nox.5.MovieHomeItem.BGType">2</setting>
        <setting type="string" name="skin.aeon.nox.5.MovieHomeItem.Widget"></setting>
        <setting type="string" name="skin.aeon.nox.5.MovieHomeItem.WidgetLabel"></setting>
        <setting type="string" name="skin.aeon.nox.5.MovieHomeItem.WidgetType"></setting>
        <setting type="string" name="skin.aeon.nox.5.MovieHomeItem.InfoLine"></setting>
        <setting type="string" name="skin.aeon.nox.5.MovieHomeItem.SubMenu">x202</setting>
        <setting type="string" name="skin.aeon.nox.5.TVShowHomeItem.Label">TV Shows</setting>
        <setting type="string" name="skin.aeon.nox.5.TVShowHomeItem.MultiFanart">C:\Program Files (x86)\Kodi\userdata\kodi\tv shows\</setting>
        <setting type="string" name="skin.aeon.nox.5.TVShowHomeItem.Icon">views/list/DefaultTVShows.png</setting>
        <setting type="string" name="skin.aeon.nox.5.TVShowHomeItem.Path">ActivateWindow(10025,&quot;plugin://plugin.video.salts/?section=TV&amp;mode=browse&quot;,return)</setting>
        <setting type="string" name="skin.aeon.nox.5.TVShowHomeItem.BGType">2</setting>
        <setting type="string" name="skin.aeon.nox.5.TVShowHomeItem.Widget"></setting>
        <setting type="string" name="skin.aeon.nox.5.TVShowHomeItem.WidgetLabel"></setting>
        <setting type="string" name="skin.aeon.nox.5.TVShowHomeItem.WidgetType"></setting>
        <setting type="string" name="skin.aeon.nox.5.TVShowHomeItem.InfoLine"></setting>
        <setting type="string" name="skin.aeon.nox.5.TVShowHomeItem.SubMenu">x11</setting>
        <setting type="string" name="skin.aeon.nox.5.LiveTVHomeItem.Label">MOVIES</setting>
        <setting type="string" name="skin.aeon.nox.5.LiveTVHomeItem.MultiFanart"></setting>
        <setting type="string" name="skin.aeon.nox.5.LiveTVHomeItem.Icon">views/list/DefaultMovies.png</setting>
        <setting type="string" name="skin.aeon.nox.5.LiveTVHomeItem.Path">.</setting>
        <setting type="string" name="skin.aeon.nox.5.LiveTVHomeItem.BGType"></setting>
        <setting type="string" name="skin.aeon.nox.5.LiveTVHomeItem.Widget">plugin://plugin.video.salts/?mode=played&amp;period=monthly&amp;section=Movies</setting>
        <setting type="string" name="skin.aeon.nox.5.LiveTVHomeItem.WidgetLabel">This Month&apos;s Most Played</setting>
        <setting type="string" name="skin.aeon.nox.5.LiveTVHomeItem.WidgetType">1</setting>
        <setting type="string" name="skin.aeon.nox.5.LiveTVHomeItem.InfoLine">5</setting>
        <setting type="string" name="skin.aeon.nox.5.LiveTVHomeItem.SubMenu">x10</setting>
        <setting type="string" name="skin.aeon.nox.5.VideosHomeItem.Label"></setting>
        <setting type="string" name="skin.aeon.nox.5.VideosHomeItem.MultiFanart"></setting>
        <setting type="string" name="skin.aeon.nox.5.VideosHomeItem.Icon"></setting>
        <setting type="string" name="skin.aeon.nox.5.VideosHomeItem.Path"></setting>
        <setting type="string" name="skin.aeon.nox.5.VideosHomeItem.BGType"></setting>
        <setting type="string" name="skin.aeon.nox.5.VideosHomeItem.Widget"></setting>
        <setting type="string" name="skin.aeon.nox.5.VideosHomeItem.WidgetLabel"></setting>
        <setting type="string" name="skin.aeon.nox.5.VideosHomeItem.WidgetType"></setting>
        <setting type="string" name="skin.aeon.nox.5.VideosHomeItem.InfoLine">5</setting>
        <setting type="string" name="skin.aeon.nox.5.VideosHomeItem.SubMenu"></setting>
        <setting type="string" name="skin.aeon.nox.5.ProgramsHomeItem.Label"></setting>
        <setting type="string" name="skin.aeon.nox.5.ProgramsHomeItem.MultiFanart"></setting>
        <setting type="string" name="skin.aeon.nox.5.ProgramsHomeItem.Icon"></setting>
        <setting type="string" name="skin.aeon.nox.5.ProgramsHomeItem.Path"></setting>
        <setting type="string" name="skin.aeon.nox.5.ProgramsHomeItem.BGType"></setting>
        <setting type="string" name="skin.aeon.nox.5.ProgramsHomeItem.Widget"></setting>
        <setting type="string" name="skin.aeon.nox.5.ProgramsHomeItem.WidgetLabel"></setting>
        <setting type="string" name="skin.aeon.nox.5.ProgramsHomeItem.WidgetType"></setting>
        <setting type="string" name="skin.aeon.nox.5.ProgramsHomeItem.InfoLine">5</setting>
        <setting type="string" name="skin.aeon.nox.5.ProgramsHomeItem.SubMenu"></setting>
        <setting type="string" name="skin.aeon.nox.5.SettingsHomeItem.Label"></setting>
        <setting type="string" name="skin.aeon.nox.5.SettingsHomeItem.MultiFanart">C:\Program Files (x86)\Kodi\userdata\kodi\system\</setting>
        <setting type="string" name="skin.aeon.nox.5.SettingsHomeItem.Icon"></setting>
        <setting type="string" name="skin.aeon.nox.5.SettingsHomeItem.Path"></setting>
        <setting type="string" name="skin.aeon.nox.5.SettingsHomeItem.BGType">2</setting>
        <setting type="string" name="skin.aeon.nox.5.SettingsHomeItem.Widget"></setting>
        <setting type="string" name="skin.aeon.nox.5.SettingsHomeItem.WidgetLabel"></setting>
        <setting type="string" name="skin.aeon.nox.5.SettingsHomeItem.WidgetType"></setting>
        <setting type="string" name="skin.aeon.nox.5.SettingsHomeItem.InfoLine">5</setting>
        <setting type="string" name="skin.aeon.nox.5.SettingsHomeItem.SubMenu"></setting>
        <setting type="string" name="skin.aeon.nox.5.ShutdownHomeItem.Label"></setting>
        <setting type="string" name="skin.aeon.nox.5.ShutdownHomeItem.MultiFanart">C:\Program Files (x86)\Kodi\userdata\kodi\power\power-button-logo-high_resolution-wallpaper-1920x1200.jpg</setting>
        <setting type="string" name="skin.aeon.nox.5.ShutdownHomeItem.Icon"></setting>
        <setting type="string" name="skin.aeon.nox.5.ShutdownHomeItem.Path"></setting>
        <setting type="string" name="skin.aeon.nox.5.ShutdownHomeItem.BGType">1</setting>
        <setting type="string" name="skin.aeon.nox.5.ShutdownHomeItem.Widget"></setting>
        <setting type="string" name="skin.aeon.nox.5.ShutdownHomeItem.WidgetLabel"></setting>
        <setting type="string" name="skin.aeon.nox.5.ShutdownHomeItem.WidgetType"></setting>
        <setting type="string" name="skin.aeon.nox.5.ShutdownHomeItem.InfoLine">5</setting>
        <setting type="string" name="skin.aeon.nox.5.ShutdownHomeItem.SubMenu"></setting>
        <setting type="string" name="skin.aeon.nox.5.FavoritesHomeItem.Label"></setting>
        <setting type="string" name="skin.aeon.nox.5.FavoritesHomeItem.MultiFanart"></setting>
        <setting type="string" name="skin.aeon.nox.5.FavoritesHomeItem.Icon"></setting>
        <setting type="string" name="skin.aeon.nox.5.FavoritesHomeItem.Path"></setting>
        <setting type="string" name="skin.aeon.nox.5.FavoritesHomeItem.BGType"></setting>
        <setting type="string" name="skin.aeon.nox.5.FavoritesHomeItem.Widget"></setting>
        <setting type="string" name="skin.aeon.nox.5.FavoritesHomeItem.WidgetLabel"></setting>
        <setting type="string" name="skin.aeon.nox.5.FavoritesHomeItem.WidgetType"></setting>
        <setting type="string" name="skin.aeon.nox.5.FavoritesHomeItem.InfoLine">5</setting>
        <setting type="string" name="skin.aeon.nox.5.FavoritesHomeItem.SubMenu"></setting>
        <setting type="string" name="skin.aeon.nox.5.WeatherHomeItem.Label"></setting>
        <setting type="string" name="skin.aeon.nox.5.WeatherHomeItem.MultiFanart"></setting>
        <setting type="string" name="skin.aeon.nox.5.WeatherHomeItem.Icon"></setting>
        <setting type="string" name="skin.aeon.nox.5.WeatherHomeItem.Path"></setting>
        <setting type="string" name="skin.aeon.nox.5.WeatherHomeItem.BGType"></setting>
        <setting type="string" name="skin.aeon.nox.5.WeatherHomeItem.Widget"></setting>
        <setting type="string" name="skin.aeon.nox.5.WeatherHomeItem.WidgetLabel"></setting>
        <setting type="string" name="skin.aeon.nox.5.WeatherHomeItem.WidgetType"></setting>
        <setting type="string" name="skin.aeon.nox.5.WeatherHomeItem.InfoLine">5</setting>
        <setting type="string" name="skin.aeon.nox.5.WeatherHomeItem.SubMenu"></setting>
        <setting type="string" name="skin.aeon.nox.5.MusicVideoHomeItem.Label"></setting>
        <setting type="string" name="skin.aeon.nox.5.MusicVideoHomeItem.MultiFanart"></setting>
        <setting type="string" name="skin.aeon.nox.5.MusicVideoHomeItem.Icon"></setting>
        <setting type="string" name="skin.aeon.nox.5.MusicVideoHomeItem.Path"></setting>
        <setting type="string" name="skin.aeon.nox.5.MusicVideoHomeItem.BGType"></setting>
        <setting type="string" name="skin.aeon.nox.5.MusicVideoHomeItem.Widget"></setting>
        <setting type="string" name="skin.aeon.nox.5.MusicVideoHomeItem.WidgetLabel"></setting>
        <setting type="string" name="skin.aeon.nox.5.MusicVideoHomeItem.WidgetType"></setting>
        <setting type="string" name="skin.aeon.nox.5.MusicVideoHomeItem.InfoLine">5</setting>
        <setting type="string" name="skin.aeon.nox.5.MusicVideoHomeItem.SubMenu"></setting>
        <setting type="string" name="skin.aeon.nox.5.InfoPanel.Delay"></setting>
        <setting type="string" name="skin.aeon.nox.5.53.Movies.InfoPanel"></setting>
        <setting type="string" name="skin.aeon.nox.5.53.TVShows.InfoPanel"></setting>
        <setting type="string" name="skin.aeon.nox.5.53.Seasons.InfoPanel"></setting>
        <setting type="string" name="skin.aeon.nox.5.53.Sets.InfoPanel"></setting>
        <setting type="string" name="skin.aeon.nox.5.52.Movies.InfoPanel"></setting>
        <setting type="string" name="skin.aeon.nox.5.52.TVShows.InfoPanel"></setting>
        <setting type="string" name="skin.aeon.nox.5.52.Seasons.InfoPanel"></setting>
        <setting type="string" name="skin.aeon.nox.5.52.Episodes.InfoPanel"></setting>
        <setting type="string" name="skin.aeon.nox.5.52.Sets.InfoPanel"></setting>
        <setting type="string" name="skin.aeon.nox.5.Movies.Fallback"></setting>
        <setting type="string" name="skin.aeon.nox.5.TVShows.Fallback"></setting>
        <setting type="string" name="skin.aeon.nox.5.Videos.Fallback"></setting>
        <setting type="string" name="skin.aeon.nox.5.Overlay.Toggle"></setting>
        <setting type="string" name="skin.aeon.nox.5.Music.Fallback"></setting>
        <setting type="string" name="skin.aeon.nox.5.Custom1HomeItem.Label">Sky Kids</setting>
        <setting type="string" name="skin.aeon.nox.5.Custom1HomeItem.MultiFanart">C:\Program Files (x86)\Kodi\userdata\kodi\Sky Lion Kids\</setting>
        <setting type="string" name="skin.aeon.nox.5.Custom1HomeItem.Icon">special://skin/extras/icons/Customize.png</setting>
        <setting type="string" name="skin.aeon.nox.5.Custom1HomeItem.BGType">2</setting>
        <setting type="string" name="skin.aeon.nox.5.Custom1HomeItem.Widget"></setting>
        <setting type="string" name="skin.aeon.nox.5.Custom1HomeItem.WidgetLabel"></setting>
        <setting type="string" name="skin.aeon.nox.5.Custom1HomeItem.WidgetType"></setting>
        <setting type="string" name="skin.aeon.nox.5.Custom1HomeItem.InfoLine"></setting>
        <setting type="string" name="skin.aeon.nox.5.Custom1HomeItem.SubMenu">x404</setting>
        <setting type="string" name="skin.aeon.nox.5.Custom2HomeItem.Label">Music</setting>
        <setting type="string" name="skin.aeon.nox.5.Custom2HomeItem.MultiFanart"></setting>
        <setting type="string" name="skin.aeon.nox.5.Custom2HomeItem.Icon">views/list/DefaultAddonMusic.png</setting>
        <setting type="string" name="skin.aeon.nox.5.Custom2HomeItem.BGType"></setting>
        <setting type="string" name="skin.aeon.nox.5.Custom2HomeItem.Widget">plugin://plugin.audio.mp3streams/?list=top%20albums%3c%3ehttp%3a%2f%2fmusicmp3.ru%2fmain_albums.html%3fgnr_id%3d&amp;mode=15&amp;name=Top%20Albums&amp;page=1&amp;sort=top&amp;type&amp;url=http%3a%2f%2fmusicmp3.ru%2fmain_albums.html%3fgnr_id%3d%26sort%3dtop%26type%3dalbum%26page%3d1</setting>
        <setting type="string" name="skin.aeon.nox.5.Custom2HomeItem.WidgetLabel">Top Albums</setting>
        <setting type="string" name="skin.aeon.nox.5.Custom2HomeItem.WidgetType">2</setting>
        <setting type="string" name="skin.aeon.nox.5.Custom2HomeItem.InfoLine">5</setting>
        <setting type="string" name="skin.aeon.nox.5.Custom2HomeItem.SubMenu">x3</setting>
        <setting type="string" name="skin.aeon.nox.5.Custom3HomeItem.Label">PICTURES</setting>
        <setting type="string" name="skin.aeon.nox.5.Custom3HomeItem.MultiFanart"></setting>
        <setting type="string" name="skin.aeon.nox.5.Custom3HomeItem.Icon">views/list/DefaultPicture.png</setting>
        <setting type="string" name="skin.aeon.nox.5.Custom3HomeItem.BGType"></setting>
        <setting type="string" name="skin.aeon.nox.5.Custom3HomeItem.Widget"></setting>
        <setting type="string" name="skin.aeon.nox.5.Custom3HomeItem.WidgetLabel"></setting>
        <setting type="string" name="skin.aeon.nox.5.Custom3HomeItem.WidgetType"></setting>
        <setting type="string" name="skin.aeon.nox.5.Custom3HomeItem.InfoLine">5</setting>
        <setting type="string" name="skin.aeon.nox.5.Custom3HomeItem.SubMenu">x4</setting>
        <setting type="string" name="skin.aeon.nox.5.Custom4HomeItem.Label">CUSTOM1</setting>
        <setting type="string" name="skin.aeon.nox.5.Custom4HomeItem.MultiFanart"></setting>
        <setting type="string" name="skin.aeon.nox.5.Custom4HomeItem.Icon">special://skin/extras/icons/Customize.png</setting>
        <setting type="string" name="skin.aeon.nox.5.Custom4HomeItem.BGType"></setting>
        <setting type="string" name="skin.aeon.nox.5.Custom4HomeItem.Widget"></setting>
        <setting type="string" name="skin.aeon.nox.5.Custom4HomeItem.WidgetLabel"></setting>
        <setting type="string" name="skin.aeon.nox.5.Custom4HomeItem.WidgetType"></setting>
        <setting type="string" name="skin.aeon.nox.5.Custom4HomeItem.InfoLine">5</setting>
        <setting type="string" name="skin.aeon.nox.5.Custom4HomeItem.SubMenu">x101</setting>
        <setting type="string" name="skin.aeon.nox.5.Custom5HomeItem.Label"></setting>
        <setting type="string" name="skin.aeon.nox.5.Custom5HomeItem.MultiFanart"></setting>
        <setting type="string" name="skin.aeon.nox.5.Custom5HomeItem.Icon"></setting>
        <setting type="string" name="skin.aeon.nox.5.Custom5HomeItem.BGType"></setting>
        <setting type="string" name="skin.aeon.nox.5.Custom5HomeItem.Widget"></setting>
        <setting type="string" name="skin.aeon.nox.5.Custom5HomeItem.WidgetLabel"></setting>
        <setting type="string" name="skin.aeon.nox.5.Custom5HomeItem.WidgetType"></setting>
        <setting type="string" name="skin.aeon.nox.5.Custom5HomeItem.InfoLine">5</setting>
        <setting type="string" name="skin.aeon.nox.5.Custom5HomeItem.SubMenu"></setting>
        <setting type="string" name="skin.aeon.nox.5.Custom6HomeItem.Label"></setting>
        <setting type="string" name="skin.aeon.nox.5.Custom6HomeItem.MultiFanart"></setting>
        <setting type="string" name="skin.aeon.nox.5.Custom6HomeItem.Icon"></setting>
        <setting type="string" name="skin.aeon.nox.5.Custom6HomeItem.BGType"></setting>
        <setting type="string" name="skin.aeon.nox.5.Custom6HomeItem.Widget"></setting>
        <setting type="string" name="skin.aeon.nox.5.Custom6HomeItem.WidgetLabel"></setting>
        <setting type="string" name="skin.aeon.nox.5.Custom6HomeItem.WidgetType"></setting>
        <setting type="string" name="skin.aeon.nox.5.Custom6HomeItem.InfoLine">5</setting>
        <setting type="string" name="skin.aeon.nox.5.Custom6HomeItem.SubMenu"></setting>
        <setting type="string" name="skin.aeon.nox.5.ItemToEdit.InfoLine"></setting>
        <setting type="string" name="skin.aeon.nox.5.54.Albums.InfoPanel"></setting>
        <setting type="string" name="skin.aeon.nox.5.54.Artists.InfoPanel"></setting>
        <setting type="string" name="skin.aeon.nox.5.52.Artists.InfoPanel"></setting>
        <setting type="string" name="skin.aeon.nox.5.LiveTV.Fallback"></setting>
        <setting type="string" name="skin.aeon.nox.5.ItemToEdit.MultiFanart"></setting>
        <setting type="string" name="skin.aeon.nox.5.ItemToEdit.BGType"></setting>
        <setting type="string" name="skin.aeon.nox.5.ItemToEdit.Widget"></setting>
        <setting type="string" name="skin.aeon.nox.5.ItemToEdit.WidgetLabel"></setting>
        <setting type="string" name="skin.aeon.nox.5.ItemToEdit.WidgetType"></setting>
        <setting type="string" name="skin.aeon.nox.5.SF_QL.Path">ActivateWindow(10025,&quot;plugin://plugin.program.super.favourites/?content_type=Chooser&amp;label=Super+Favourites&amp;folder=&quot;,return)</setting>
        <setting type="string" name="skin.aeon.nox.5.SF_QL.Label">Super Favourites</setting>
        <setting type="string" name="skin.aeon.nox.5.SF_QL.Icon">C:\Users\Shaun\AppData\Roaming\Kodi\addons\plugin.program.super.favourites\icon.png</setting>
        <setting type="string" name="skin.aeon.nox.5.SF_QL.IsFolder">true</setting>
        <setting type="string" name="skin.aeon.nox.5.Home_Custom_Back_TV_Folder"></setting>
        <setting type="string" name="skin.aeon.nox.5.VALIDATION5"></setting>
        <setting type="string" name="skin.aeon.nox.5.OverClockLevel"></setting>
        <setting type="string" name="skin.aeon.nox.5.Country"></setting>
        <setting type="string" name="skin.aeon.nox.5.Skin_Name"></setting>
        <setting type="string" name="skin.aeon.nox.5.User_ID"></setting>
        <setting type="string" name="skin.aeon.nox.5.ID1"></setting>
        <setting type="string" name="skin.aeon.nox.5.ID2"></setting>
        <setting type="string" name="skin.aeon.nox.5.ID3"></setting>
        <setting type="string" name="skin.aeon.nox.5.ID4"></setting>
        <setting type="string" name="skin.aeon.nox.5.ID5"></setting>
        <setting type="string" name="skin.aeon.nox.5.ID6"></setting>
        <setting type="string" name="skin.aeon.nox.5.ID7"></setting>
        <setting type="string" name="skin.aeon.nox.5.ID8"></setting>
        <setting type="string" name="skin.aeon.nox.5.ID9"></setting>
        <setting type="string" name="skin.aeon.nox.5.ID10"></setting>
        <setting type="string" name="skin.aeon.nox.5.ID11"></setting>
        <setting type="string" name="skin.aeon.nox.5.ID12"></setting>
        <setting type="string" name="skin.aeon.nox.5.ID60"></setting>
        <setting type="string" name="skin.aeon.nox.5.TrialDate"></setting>
        <setting type="string" name="skin.aeon.nox.5.TrialDate2"></setting>
        <setting type="string" name="skin.aeon.nox.5.User_Name"></setting>
        <setting type="string" name="skin.re-touched.CustomBackground"></setting>
        <setting type="string" name="skin.re-touched.HomeContentPage"></setting>
        <setting type="string" name="skin.re-touched.HomeAddonButton1"></setting>
        <setting type="string" name="skin.re-touched.HomeAddonButton2"></setting>
        <setting type="string" name="skin.re-touched.HomeAddonButton3"></setting>
        <setting type="string" name="skin.re-touched.HomeAddonButton4"></setting>
        <setting type="string" name="skin.re-touched.HomeAddonButton5"></setting>
        <setting type="string" name="skin.re-touched.HomeAddonButton6"></setting>
        <setting type="string" name="skin.re-touched.HomeAddonButton7"></setting>
        <setting type="string" name="skin.re-touched.HomeAddonButton8"></setting>
        <setting type="string" name="skin.re-touched.HomeAddonButton9"></setting>
        <setting type="string" name="skin.re-touched.HomeAddonButton10"></setting>
        <setting type="string" name="skin.re-touched.HomeAddonButton11"></setting>
        <setting type="string" name="skin.re-touched.HomeAddonButton12"></setting>
        <setting type="string" name="skin.re-touched.SkinSettings">2</setting>
        <setting type="string" name="skin.unity.Colour.Theme">Red</setting>
        <setting type="string" name="skin.unity.CustomBackgroundPath">C:\Program Files (x86)\Kodi\userdata\kodi\kodi lion build\17848-roaring-lion-on-a-cliff-1680x1050-digital-art-wallpaper.jpg</setting>
        <setting type="string" name="skin.unity.HomeVideosButton1"></setting>
        <setting type="string" name="skin.unity.HomeVideosButton2"></setting>
        <setting type="string" name="skin.unity.HomeVideosButton3"></setting>
        <setting type="string" name="skin.unity.HomeVideosButton4"></setting>
        <setting type="string" name="skin.unity.HomeVideosButton5"></setting>
        <setting type="string" name="skin.unity.HomeMusicButton1"></setting>
        <setting type="string" name="skin.unity.HomeMusicButton2"></setting>
        <setting type="string" name="skin.unity.HomeMusicButton3"></setting>
        <setting type="string" name="skin.unity.HomeMusicButton4"></setting>
        <setting type="string" name="skin.unity.HomeMusicButton5"></setting>
        <setting type="string" name="skin.unity.HomePictureButton1"></setting>
        <setting type="string" name="skin.unity.HomePictureButton2"></setting>
        <setting type="string" name="skin.unity.HomePictureButton3"></setting>
        <setting type="string" name="skin.unity.HomePictureButton4"></setting>
        <setting type="string" name="skin.unity.HomePictureButton5"></setting>
        <setting type="string" name="skin.unity.HomeProgramButton1"></setting>
        <setting type="string" name="skin.unity.HomeProgramButton2"></setting>
        <setting type="string" name="skin.unity.HomeProgramButton3"></setting>
        <setting type="string" name="skin.unity.HomeProgramButton4"></setting>
        <setting type="string" name="skin.unity.HomeProgramButton5"></setting>
        <setting type="string" name="skin.unity.Startup_Playlist_Path"></setting>
        <setting type="string" name="skin.unity.LyricScript_Path"></setting>
        <setting type="string" name="skin.unity.HomeProgramButton6"></setting>
        <setting type="string" name="skin.blackglassnova.Default.Background"></setting>
        <setting type="string" name="skin.blackglassnova.weatherArtPath"></setting>
        <setting type="string" name="skin.blackglassnova.Videos.Background"></setting>
        <setting type="string" name="skin.blackglassnova.Movies.Background"></setting>
        <setting type="string" name="skin.blackglassnova.Pictures.Background"></setting>
        <setting type="string" name="skin.blackglassnova.TVShows.Background"></setting>
        <setting type="string" name="skin.blackglassnova.Tv.Background"></setting>
        <setting type="string" name="skin.blackglassnova.Radio.Background"></setting>
        <setting type="string" name="skin.blackglassnova.Music.Background"></setting>
        <setting type="string" name="skin.blackglassnova.Clips.Background"></setting>
        <setting type="string" name="skin.blackglassnova.Concerts.Background"></setting>
        <setting type="string" name="skin.blackglassnova.Weather.Background"></setting>
        <setting type="string" name="skin.blackglassnova.Addons.Background"></setting>
        <setting type="string" name="skin.blackglassnova.DVD.Background"></setting>
        <setting type="string" name="skin.blackglassnova.Settings.Background"></setting>
        <setting type="string" name="skin.blackglassnova.Favourites.Background"></setting>
        <setting type="string" name="skin.blackglassnova.Quit.Background"></setting>
        <setting type="string" name="skin.blackglassnova.Search.Background"></setting>
        <setting type="string" name="skin.blackglassnova.WeatherType"></setting>
        <setting type="string" name="skin.blackglassnova.skinshortcuts-widget-1">Addon</setting>
        <setting type="string" name="skin.blackglassnova.skinshortcuts-widget-2">Movie</setting>
        <setting type="string" name="skin.blackglassnova.skinshortcuts-widget-3">Episode</setting>
        <setting type="string" name="skin.blackglassnova.skinshortcuts-widget-4">Music</setting>
        <setting type="string" name="skin.blackglassnova.skinshortcuts-widget-5">Clip</setting>
        <setting type="string" name="skin.blackglassnova.skinshortcuts-widget-6">Concert</setting>
        <setting type="string" name="skin.blackglassnova.skinshortcuts-widget-7">Favourite</setting>
        <setting type="string" name="skin.blackglassnova.skinshortcuts-widget-8">Favourite</setting>
        <setting type="string" name="skin.blackglassnova.LyricPath"></setting>
        <setting type="string" name="skin.blackglassnova.MusicPath"></setting>
        <setting type="string" name="skin.blackglassnova.cdartPath"></setting>
        <setting type="string" name="skin.blackglassnova.weatherIconPath"></setting>
        <setting type="string" name="skin.blackglassnova.StartupWindow"></setting>
        <setting type="string" name="skin.blackglassnova.CustomStartup.Path"></setting>
        <setting type="string" name="skin.blackglassnova.StartupWindowOption"></setting>
        <setting type="string" name="skin.blackglassnova.CustomStartup.Label"></setting>
        <setting type="string" name="skin.blackglassnova.startup-screentype"></setting>
        <setting type="string" name="skin.blackglassnova.startup-imagepath"></setting>
        <setting type="string" name="skin.blackglassnova.startup-multiimagepath"></setting>
        <setting type="string" name="skin.blackglassnova.startup-videopath"></setting>
        <setting type="string" name="skin.blackglassnova.startup-playlisttype"></setting>
        <setting type="string" name="skin.blackglassnova.startup-musicplaylistpath"></setting>
        <setting type="string" name="skin.blackglassnova.startup-videoplaylistpath"></setting>
        <setting type="string" name="skin.blackglassnova.ShelfAddons.1.Label"></setting>
        <setting type="string" name="skin.blackglassnova.ShelfAddons.2.Label"></setting>
        <setting type="string" name="skin.blackglassnova.ShelfAddons.3.Label"></setting>
        <setting type="string" name="skin.blackglassnova.ShelfAddons.4.Label"></setting>
        <setting type="string" name="skin.blackglassnova.ShelfAddons.5.Label"></setting>
        <setting type="string" name="skin.blackglassnova.ShelfAddons.6.Label"></setting>
        <setting type="string" name="skin.blackglassnova.ShelfAddons.7.Label"></setting>
        <setting type="string" name="skin.blackglassnova.ShelfAddons.8.Label"></setting>
        <setting type="string" name="skin.blackglassnova.ShelfAddons.9.Label"></setting>
        <setting type="string" name="skin.blackglassnova.ShelfAddons.10.Label"></setting>
    </skinsettings>
    <viewstates>
        <musicfiles>
            <viewmode>131572</viewmode>
            <sortmethod>1</sortmethod>
            <sortorder>1</sortorder>
            <sortattributes>1</sortattributes>
        </musicfiles>
        <musiclastfm>
            <viewmode>65536</viewmode>
            <sortmethod>1</sortmethod>
            <sortorder>1</sortorder>
            <sortattributes>0</sortattributes>
        </musiclastfm>
        <musicnavalbums>
            <viewmode>65536</viewmode>
            <sortmethod>1</sortmethod>
            <sortorder>1</sortorder>
            <sortattributes>0</sortattributes>
        </musicnavalbums>
        <musicnavartists>
            <viewmode>65536</viewmode>
            <sortmethod>1</sortmethod>
            <sortorder>1</sortorder>
            <sortattributes>0</sortattributes>
        </musicnavartists>
        <musicnavsongs>
            <viewmode>65536</viewmode>
            <sortmethod>1</sortmethod>
            <sortorder>1</sortorder>
            <sortattributes>0</sortattributes>
        </musicnavsongs>
        <pictures>
            <viewmode>720896</viewmode>
            <sortmethod>1</sortmethod>
            <sortorder>1</sortorder>
            <sortattributes>0</sortattributes>
        </pictures>
        <programs>
            <viewmode>65536</viewmode>
            <sortmethod>1</sortmethod>
            <sortorder>1</sortorder>
            <sortattributes>1</sortattributes>
        </programs>
        <videofiles>
            <viewmode>65536</viewmode>
            <sortmethod>1</sortmethod>
            <sortorder>1</sortorder>
            <sortattributes>1</sortattributes>
        </videofiles>
        <videonavactors>
            <viewmode>65536</viewmode>
            <sortmethod>1</sortmethod>
            <sortorder>1</sortorder>
            <sortattributes>0</sortattributes>
        </videonavactors>
        <videonavepisodes>
            <viewmode>720896</viewmode>
            <sortmethod>21</sortmethod>
            <sortorder>1</sortorder>
            <sortattributes>0</sortattributes>
        </videonavepisodes>
        <videonavgenres>
            <viewmode>65536</viewmode>
            <sortmethod>1</sortmethod>
            <sortorder>1</sortorder>
            <sortattributes>0</sortattributes>
        </videonavgenres>
        <videonavmusicvideos>
            <viewmode>65536</viewmode>
            <sortmethod>1</sortmethod>
            <sortorder>1</sortorder>
            <sortattributes>0</sortattributes>
        </videonavmusicvideos>
        <videonavseasons>
            <viewmode>65536</viewmode>
            <sortmethod>1</sortmethod>
            <sortorder>1</sortorder>
            <sortattributes>0</sortattributes>
        </videonavseasons>
        <videonavtitles>
            <viewmode>65536</viewmode>
            <sortmethod>1</sortmethod>
            <sortorder>1</sortorder>
            <sortattributes>0</sortattributes>
        </videonavtitles>
        <videonavtvshows>
            <viewmode>65536</viewmode>
            <sortmethod>1</sortmethod>
            <sortorder>1</sortorder>
            <sortattributes>0</sortattributes>
        </videonavtvshows>
        <videonavyears>
            <viewmode>65536</viewmode>
            <sortmethod>1</sortmethod>
            <sortorder>1</sortorder>
            <sortattributes>0</sortattributes>
        </videonavyears>
    </viewstates>
</settings>
